<Module>
  <GenInfo>
    <ModuleName>dsdsd</ModuleName>
    <Manufactures></Manufactures>
    <Description></Description>
    <Examples></Examples>
  </GenInfo>
  <IDnType>
    <informationModelVersion>1.0</informationModelVersion>
    <HWList/>
    <SWList/>
  </IDnType>
  <Properties>
    <OStype/>
    <CompilerType>
      <verRangeOS/>
      <verRangeCompiler/>
      <BitsnCPUarch/>
    </CompilerType>
    <ExecutionType/>
    <Libraries/>
  </Properties>
  <IOVariables/>
  <Services/>
  <Infra>
    <Powers>
      <RatedPower/>
      <MaxPower/>
    </Powers>
    <DataBuses/>
    <Middleware/>
  </Infra>
  <SafeSecure/>
  <Modelling/>
  <ExecutableForm/>
</Module>