<Module>
  <GenInfo>
    <ModuleName>turtlebot3</ModuleName>
    <Manufactures>kangwon.ac.kr</Manufactures>
    <Description>description</Description>
    <Examples>example</Examples>
  </GenInfo>
  <IDnType type="Bas">
    <ID>a69a6bc454395854a1e25e3e809aecdb-78ffffff-ffffffff-12f7ff-140000-0</ID>
    <informationModelVersion>1.0</informationModelVersion>
    <HWList/>
    <SWList/>
  </IDnType>
  <Properties>
    <Property name="dsvds" type="int" unit="vds" description="vsd" value="vds">
      <Property name="dsvds" type="int" unit="vds" description="vsd" value="vds"/>
    </Property>
    <OStype type="Debian" bits="64" version="9"/>
    <CompilerType>
      <osName>Ubuntu</osName>
      <verRangeOS min="18.04" max="20.04"/>
      <compilerName>clang</compilerName>
      <verRangeCompiler min="8.0.1" max="9.0.1"/>
      <BitsnCPUarch bits="32" CPUarch="dssda"/>
    </CompilerType>
    <ExecutionType opType="SPORADIC" hardRT="FALSE" timeConstraint="12432" instanceType="MultitonCommutative"/>
    <Libraries>
      <Library name="asdv" version="dasv"/>
    </Libraries>
  </Properties>
  <IOVariables>
    <Inputs>
      <Input name="vsda" type="int" value="asdv" unit="vasd" description="vsda"/>
    </Inputs>
    <Outputs>
      <Output name="vsda" type="int" value="asdv" unit="vasd" description="vsda"/>
    </Outputs>
    <InOuts>
      <InOut name="vsda" type="int" value="asdv" unit="vasd" description="vsda"/>
    </InOuts>
  </IOVariables>
  <Services>
    <Service type="XML">
      <ID>dasv</ID>
      <PVType>VIRTUAL</PVType>
      <MOType>OPTIONAL</MOType>
      <Properties Name="asvd" Value="savd"/>
      <Methods>
        <Method>
          <MethodName>asvd</MethodName>
          <ArgSpec Type="uint8" Name="sdva" IOType="OUT"/>
          <RetType>int64</RetType>
          <MOType>OPTIONAL</MOType>
        </Method>
      </Methods>
    </Service>
  </Services>
  <Infra>
    <Powers>
      <RatedPower value="savd" unit="sdva"/>
      <MaxPower value="sdvadvas" unit="sdva"/>
    </Powers>
    <DataBuses>
      <Databus>
        <ConnectorType>sadv</ConnectorType>
        <TypePhyMac>vsda</TypePhyMac>
        <TypeNetTrans>sadv</TypeNetTrans>
        <TypeApp>sadv</TypeApp>
        <Speed value="svad" unit="vsda"/>
      </Databus>
    </DataBuses>
    <DBType>dvas</DBType>
    <IP>dasvasdv</IP>
    <Middleware name="svad" version="sadv"/>
  </Infra>
  <SafeSecure>
    <Safety>
      <Overall type="SIL" value="1"/>
      <SafetyType type="PSTOP" value="n"/>
    </Safety>
    <Security>
      <PhyisicalSecurity>
        <value>LockwithActuator</value>
      </PhyisicalSecurity>
      <CyberSecurity>
        <Overall>1</Overall>
        <SecType type="HU_IA" value="1"/>
      </CyberSecurity>
    </Security>
  </SafeSecure>
  <Modelling>
    <SimulationModel>
      <Simulator>sdvadsav</Simulator>
      <ModelFile type="NA">
        <Name>mdf.txt.txt</Name>
        <Path>..\Common Information Model\cache\resources\mdf.txt.txt</Path>
      </ModelFile>
      <ModelFile type="NA">
        <Name>3df.txt</Name>
        <Path>..\Common Information Model\cache\resources\3df.txt</Path>
      </ModelFile>
    </SimulationModel>
  </Modelling>
  <ExecutableForm>
    <MainURLs>
      <Item>dsvdvs</Item>
    </MainURLs>
    <LibURLs>
      <Item>sdvavasd</Item>
    </LibURLs>
    <Shell>
      <Item>vdsdsva</Item>
    </Shell>
  </ExecutableForm>
</Module>