<Module>
  <GenInfo>
    <ModuleName>AudioModule</ModuleName>
    <Manufactures>iic.kangwon.ac.kr</Manufactures>
    <Description>description of module</Description>
    <Examples>list of use case</Examples>
  </GenInfo>
  <IDnType type="Bas">
    <ID>13dcc7b73cc350839ac90f42e8e34368-38ffffff-f0f0f0f0-27fe-540000-0</ID>
    <informationModelVersion>1.0</informationModelVersion>
    <HWList/>
    <SWList/>
  </IDnType>
  <Properties>
    <OStype/>
    <CompilerType>
      <verRangeOS/>
      <verRangeCompiler/>
      <BitsnCPUarch/>
    </CompilerType>
    <ExecutionType/>
    <Libraries/>
  </Properties>
  <IOVariables/>
  <Services/>
  <Infra>
    <Powers>
      <RatedPower/>
      <MaxPower/>
    </Powers>
    <DataBuses/>
    <Middleware/>
  </Infra>
  <SafeSecure/>
  <Modelling/>
  <ExecutableForm/>
</Module>