<Module>
  <GenInfo>
    <ModuleName>SpeakerNode</ModuleName>
    <Manufactures>robotis</Manufactures>
    <Description>description of module</Description>
    <Examples>list of use case	</Examples>
  </GenInfo>
  <IDnType type="Bas">
    <ID>00afae390d79541897e06882a9e350de-58ffffff-ffffffff-27dc-940000-0</ID>
    <informationModelVersion>1.0</informationModelVersion>
    <HWList/>
    <SWList/>
  </IDnType>
  <Properties>
    <OStype/>
    <CompilerType>
      <verRangeOS/>
      <verRangeCompiler/>
      <BitsnCPUarch/>
    </CompilerType>
    <ExecutionType/>
    <Libraries/>
  </Properties>
  <IOVariables/>
  <Services/>
  <Infra>
    <Powers>
      <RatedPower/>
      <MaxPower/>
    </Powers>
    <DataBuses/>
    <Middleware/>
  </Infra>
  <SafeSecure/>
  <Modelling/>
  <ExecutableForm/>
</Module>