<Module>
  <GenInfo>
    <ModuleName>Turtlebot3</ModuleName>
    <Manufactures>Robotis</Manufactures>
    <Description>Description of module</Description>
    <Examples>list of use case</Examples>
  </GenInfo>
  <IDnType type="Com">
    <ID>e96446356d555d9f899d21d5fbeb7539-f8ffffff-f0f0abab-405-140000-0</ID>
    <informationModelVersion>1.0</informationModelVersion>
    <HWList>
      <ModuleID>AudioModule:13dcc7b73cc350839ac90f42e8e34368-38ffffff-f0f0f0f0-27fe-540000-0</ModuleID>
    </HWList>
    <SWList>
      <ModuleID>SpeakerNode:00afae390d79541897e06882a9e350de-58ffffff-ffffffff-27dc-940000-0</ModuleID>
    </SWList>
  </IDnType>
  <Properties>
    <Property name="initpose" complex="array" type="float32" unit="none" description="x, y, z, yaw, roll, pitch">
      <Value>
        <Item>0</Item>
        <Item>0</Item>
        <Item>0</Item>
        <Item>10</Item>
        <Item>20</Item>
        <Item>30</Item>
      </Value>
    </Property>
    <Property name="cylinder" complex="class" complexName="cylinderType">
      <Property name="length" type="float32" unit="millimetre" description="length of cylinder" value="100.0"/>
    </Property>
    <Property name="endPose" complex="vector" type="float32" unit="none" description="endPose x, y, z, yaw, roll, pitch">
      <Value>
        <Item>5</Item>
        <Item>6</Item>
        <Item>7</Item>
        <Item>1</Item>
        <Item>1</Item>
        <Item>1</Item>
      </Value>
    </Property>
    <OStype type="Ubuntu" bits="64" version="18.04"/>
    <CompilerType>
      <osName>Ubuntu</osName>
      <verRangeOS min="18.04" max="22.04"/>
      <compilerName>gcc</compilerName>
      <verRangeCompiler min="10.3.0" max="13"/>
      <BitsnCPUarch bits="64" CPUarch="CPUName"/>
    </CompilerType>
    <ExecutionType opType="SPORADIC" hardRT="TRUE" timeConstraint="10000" instanceType="MultitonStatic"/>
    <Libraries>
      <Library name="OpenCV" version="3.4.0"/>
    </Libraries>
  </Properties>
  <IOVariables>
    <Inputs>
      <Input name="controlValue" type="float32" value="5.0" unit="ampere" description="current control command to motor"/>
    </Inputs>
    <Outputs>
      <Output name="encoder" type="uint32" unit="none" description="value of encoder"/>
    </Outputs>
    <InOuts>
      <InOut name="pose" className="poseType" complex="class">
        <InOut name="x" type="float32" unit="none" description="position x"/>
        <InOut name="y" type="float32" value="1" unit="none" description="position y"/>
      </InOut>
    </InOuts>
  </IOVariables>
  <Services>
    <Service type="IDL">
      <IDLPath>..\CIM Editor 0.9.0\workspace\resources\IDL.dll</IDLPath>
    </Service>
    <Service type="XML">
      <ID>NMT</ID>
      <PVType>VIRTUAL</PVType>
      <MOType>MANDATORY</MOType>
      <Methods>
        <Method>
          <MethodName>NMT_SearchNode</MethodName>
          <ArgSpec Type="int8" Name="iNodeID" IOType="IN"/>
          <RetType>int8</RetType>
          <MOType>OPTIONAL</MOType>
        </Method>
        <Method>
          <MethodName>NMT_AddNode</MethodName>
          <ArgSpec Type="int8" Name="iNodeID" IOType="IN"/>
          <ArgSpec Type="int8" Name="iType" IOType="IN"/>
          <ArgSpec Type="int8" Name="iLifeTime" IOType="IN"/>
          <RetType>bool</RetType>
          <MOType>MANDATORY</MOType>
        </Method>
      </Methods>
    </Service>
  </Services>
  <Infra>
    <Powers>
      <RatedPower value="43" unit="watt"/>
      <MaxPower value="54.2" unit="watt"/>
    </Powers>
    <DataBuses>
      <Databus>
        <ConnectorType>DE9</ConnectorType>
        <TypePhyMac>CAN</TypePhyMac>
        <TypeNetTrans>CANOpen</TypeNetTrans>
        <TypeApp>OBD</TypeApp>
        <Speed value="1000" unit="kbps"/>
      </Databus>
    </DataBuses>
    <DBType>SQL DBMS</DBType>
    <IP>IP23CH</IP>
    <Middleware name="ROS" version="2.0"/>
  </Infra>
  <SafeSecure>
    <Safety>
      <Overall type="PL" value="d"/>
      <SafetyType type="ESTOP" value="d"/>
    </Safety>
    <Security>
      <PhyisicalSecurity>
        <value>LatchSensor</value>
      </PhyisicalSecurity>
      <CyberSecurity>
        <Overall>2</Overall>
        <SecType type="HU_IA" value="2"/>
      </CyberSecurity>
    </Security>
  </SafeSecure>
  <Modelling>
    <SimulationModel>
      <Simulator>Gazebo</Simulator>
      <ModelFile type="URDF">
        <Name>modelDescriptionFile1.txt</Name>
        <Path>..\CIM Editor 0.9.0\workspace\resources\modelDescriptionFile1.txt</Path>
      </ModelFile>
      <ModelFile type="STL">
        <Name>module3DGraphicFile.txt</Name>
        <Path>..\CIM Editor 0.9.0\workspace\resources\module3DGraphicFile.txt</Path>
      </ModelFile>
    </SimulationModel>
  </Modelling>
  <ExecutableForm>
    <LibURLs>
      <Item>../lib/windows/modulelib.dll</Item>
      <Item>www.module/org/windows/lib/modulelib.dll</Item>
    </LibURLs>
    <Shell>
      <Item>cd ~/dev_workspace</Item>
      <Item>. /opt/ros/humble/setup.bash</Item>
      <Item>. install/setup.bash</Item>
      <Item>ros2 run package talker</Item>
    </Shell>
  </ExecutableForm>
</Module>