[
    {
        "name": "Ubuntu",
        "versions": [
            "16.04",
            "18.04",
            "20.04",
            "21.04",
            "21.10",
            "22.04"
        ]
    },
    {
        "name": "Windows",
        "versions": [
            "Vista",
            "7",
            "8",
            "8.1",
            "10",
            "11"
        ]
    },
    {
        "name": "Debian",
        "versions": [
            "8",
            "9",
            "10",
            "11"
        ]
    },
    {
        "name": "CentOS",
        "versions": [
            "6.10",
            "7.6",
            "7.7",
            "8.0"
        ]
    },
    {
        "name": "RedHat",
        "versions": [
            "6",
            "7",
            "8"
        ]
    }
]