[
    {
        "name": "gcc",
        "versions": [
            "8.5.0",
            "9.4.0",
            "9.5.0",
            "10.3.0",
            "10.4.0",
            "11.1.0",
            "11.2.0",
            "11.3.0",
            "12",
            "12.1.0",
            "13"
        ]
    },
    {
        "name": "clang",
        "versions": [
            "7.0.1",
            "8.0.0",
            "8.0.1",
            "9.0.0",
            "9.0.1",
            "10.0.0",
            "10.0.1",
            "11.0.0",
            "11.0.1",
            "11.1.0",
            "12.0.0",
            "12.0.1",
            "13.0.0",
            "13.0.1",
            "14.0.0",
            "14.0.1",
            "14.0.2",
            "14.0.3",
            "14.0.4",
            "14.0.5",
            "14.0.6"
        ]
    },
    {
        "name": "msvc",
        "versions": [
            "16.6.5",
            "17.1.0"
        ]
    }
]